{"mean": [0.0, 0.0, 0.0, 0.25294942706141893, -0.17067932603034228, -0.18023703739570787, 0.38348174770305743, -0.46486432051128335, -0.2569332997980993, 0.29728192575726775, -0.6885831071291305, -0.32206377639894085, 0.16612249768699722, -0.8033984888172948, -0.3755211485723982, 0.17014617641008797, -0.882633674534538, -0.11568913134149487, 0.15824538929137802, -1.1664881332513608, -0.2663209927852895, 0.15014699364629513, -1.206846899864623, -0.3664453466304632, 0.1432982379968341, -1.2278870503176547, -0.4186734018982965, -0.02270485814850902, -0.8759384808595986, -0.10635799546806456, -0.04272870661858668, -1.1462638404506822, -0.2865313766034475, -0.006473535771330793, -1.0634850089187649, -0.36887396462756383, 0.025965965067447222, -1.0085004484879083, -0.3852862051756689, -0.18926040449394, -0.8018637254749593, -0.1219211393596392, -0.21172605759829036, -1.0065204512226973, -0.3311476343938209, -0.11706960894317696, -0.8199757077254325, -0.35256879739634367, -0.047821961356337254, -0.686228430020072, -0.30770700538301304, -0.3408614927482921, -0.6797540012859913, -0.14983154112348193, -0.3542157181150235, -0.8558319729462354, -0.3017115283194279, -0.28635769395617083, -0.7623096396439172, -0.29544517647534996, -0.23947566973076886, -0.6860362223712131, -0.25105309050878366, 0.8198740045777283, 0.743618269143211, 0.716995560318266, 0.8603324032236316, 0.5573077689292805, 0.9431583276837703, 1.1897876399197953, 0.5342345333954659, 0.8609356550773407, 0.40106875982602075, 0.8646389067945168, 0.7626829485417345, 0.8224664998430756, 0.6085597206455382, 0.8133179619046754, 0.4450545225906578, 0.7758922154072116, 0.507942652694479, 0.7736423427497793, 1.4756164991222493, 1.5762144366618658, 1.3753496713633, 1.0301401237208943, 1.0960829408655446, 0.15343466864171731, 0.134001329264226, -0.7496686735591874, 0.8198740045777283, 0.743618269143211, 0.716995560318266, 0.8603324032236316, 0.3145478566232805, 0.20441344566107614, 0.21692208911081554, 0.20248972528224224, 0.059110624086162085, -0.7706358159110305], "std": [1.0, 1.0, 1.0, 0.20089334856021837, 0.15860156268656936, 0.12445251506345818, 0.4074399382626667, 0.3160772798404143, 0.1790664487769378, 0.5554488287870795, 0.4411708456287792, 0.20826173787333613, 0.6836832799924679, 0.5374755174284106, 0.24195978001214427, 0.4376128877396625, 0.21320538826052224, 0.2239163299811692, 0.6134012875720274, 0.39813120584810174, 0.27152629345455237, 0.7233777083032986, 0.5550230011199103, 0.29362850641444, 0.8191039172082303, 0.7123111914728003, 0.3063752587748465, 0.3843453377803042, 0.2004136227210444, 0.18170659041829312, 0.5482861909995295, 0.43284975430051265, 0.23357267204669493, 0.579805490817607, 0.6184882155655125, 0.23723298343278945, 0.6148673469360872, 0.7881881745977246, 0.23871259010127316, 0.35482022740442837, 0.22704464725995535, 0.15485077464752192, 0.4943276650681917, 0.42606782474588056, 0.20510162966818704, 0.47853326982321637, 0.5178549156942359, 0.20094088336256, 0.47084337394170533, 0.6041744283481043, 0.20152325565882329, 0.3579496155607056, 0.27211007603986226, 0.15662321812703195, 0.48644697581117446, 0.411200555142943, 0.18988832333260858, 0.5223414716651541, 0.4884201732768357, 0.18510090195286705, 0.5529501565807207, 0.5698085738724501, 0.18486307683976447, 0.39154548499583064, 0.39288688551771733, 0.4036837470188629, 0.46425487533111215, 0.4394421694305379, 0.4892406105887392, 0.45268213815626934, 0.5013310806523321, 0.5166968622768123, 0.3669825104815233, 0.09440431416896143, 0.2764763968414023, 0.10917933941070539, 0.3111847529073127, 0.12844898859391032, 0.2644393204697309, 0.1208471063608482, 0.29085991350799373, 0.12306769393036555, 0.23008278561908682, 0.4480520424357154, 0.5752324613301966, 0.4746883407510388, 0.4541482904741943, 0.2840040559128709, 0.26751718803028796, 0.4942414118094272, 0.39154548499583064, 0.39288688551771733, 0.4036837470188629, 0.46425487533111215, 0.18646526264506313, 0.2282551027161116, 0.23048950894034773, 0.23809106309683004, 0.454836738506304, 0.4424363385732786]}