{"mean": [0.0, 0.0, 0.0, 0.22249794585299698, -0.2509474039876035, -0.1474468752348807, 0.3483168905319358, -0.6349706915012342, -0.2123553445981009, 0.30704571278911946, -0.9369397530843562, -0.2664659349115943, 0.20917872295807707, -1.120593158485204, -0.30777875690796236, 0.20881371029451407, -0.9731742741434578, -0.13112124052075272, 0.2660398541790605, -1.228329050936568, -0.22591028879888822, 0.29335660978675987, -1.3244196984992185, -0.2761459593784768, 0.30729602536945544, -1.4264137186486312, -0.31284020655856687, 0.035353677099163934, -0.9373940265539921, -0.14205770037378201, 0.029944440242099024, -1.1955216170045377, -0.2396573229522537, 0.03773393465694996, -1.25818828019968, -0.27824460590358363, 0.031265112054520816, -1.3432822026699394, -0.2986210604635212, -0.11108366685922319, -0.8188215575004897, -0.1737618478352552, -0.14697810682611914, -1.0207517814874907, -0.29977739121013824, -0.11402642940863843, -1.0018639935487625, -0.32598968341941226, -0.10301083157818884, -1.0263769497092368, -0.3275797385010132, -0.24201303550874087, -0.6479337909089234, -0.21970031049013847, -0.29878862798523054, -0.7916891639366811, -0.3280112960860993, -0.2940388408396796, -0.7989439906214443, -0.3476046470583861, -0.2966598484492212, -0.8281177130103122, -0.3498801589538787, 0.8225520274845123, 0.9138279216307582, 0.9051997031919755, 0.9968341769459744, 0.5347072803193614, 0.8351410292357765, 1.05787122094786, 0.5511021352067998, 0.7846239066506705, 0.40115397765931454, 0.8598333536116419, 0.8353829185167948, 0.8090418457640886, 0.7443105082147221, 0.7875148063958294, 0.6358128354963974, 0.7629337796530167, 0.6800231742329927, 0.7497189539507526, 1.5630493674959456, 1.5347629349469107, 1.4808035205625008, 1.2782195038437671, 1.2822603719231027, 0.2644744185111949, 0.07480697326614451, -0.674428356466694, 0.8225520274845123, 0.9138279216307582, 0.9051997031919755, 0.9968341769459744, 0.35344725902344154, 0.17636781301306398, 0.20864136001595107, 0.1366148991191096, 0.04465886861375502, -0.9291228554769275], "std": [1.0, 1.0, 1.0, 0.17777215177478353, 0.11541065805670365, 0.09587869928901728, 0.27924703151310387, 0.17187362610958595, 0.11801883743434137, 0.37224534487332733, 0.21963313011905536, 0.1359434306863189, 0.4776488677661489, 0.2937606704182843, 0.15928272875673752, 0.20897107766750966, 0.11463597725256003, 0.16792856671852538, 0.33684639133638417, 0.2577553697324561, 0.21284713682508782, 0.3479057724333504, 0.4312481216231321, 0.21637146341803756, 0.3321736107036844, 0.5529408526924129, 0.21729101216468644, 0.2281046211589344, 0.12610572859414243, 0.17868350259864768, 0.3361696927904707, 0.3584478339011348, 0.21764290794154711, 0.34136384008969334, 0.5278768242087292, 0.19136628489981045, 0.3427286791501203, 0.6460659062710621, 0.1843874677653509, 0.26931981635863284, 0.18120344792701895, 0.19118060867296868, 0.34924130106967793, 0.3977252828577075, 0.20927255133307873, 0.3487430922745603, 0.5334640334063511, 0.16367146635079505, 0.35452468860842784, 0.6372836037333532, 0.1499102204150981, 0.3170814832876107, 0.22443933090367432, 0.20780984870602687, 0.37799596442855177, 0.3847507402366683, 0.21066222049847716, 0.4035525854060542, 0.4668270250513804, 0.19051176164166445, 0.4381592864718836, 0.5360440011934542, 0.18564766626754012, 0.29749305325099223, 0.3628063204471089, 0.40156386042636916, 0.45930695597219373, 0.30317563156147603, 0.362277604632391, 0.36826938528098896, 0.4098927762866048, 0.381486418567722, 0.2533100943941958, 0.09394670125223652, 0.2000865534421956, 0.21297354471793853, 0.28131769457605466, 0.23263090686907198, 0.29208259826389593, 0.23322077615391323, 0.30378917372653763, 0.22598440089401822, 0.1370495432755663, 0.43071572890285753, 0.5202335810468416, 0.5414176421270925, 0.4611472420128732, 0.31815746823252977, 0.1346104635656525, 0.5918272048060569, 0.29749305325099223, 0.3628063204471089, 0.40156386042636916, 0.45930695597219373, 0.19106920986545636, 0.188254462670567, 0.22464666155127, 0.12881498585600354, 0.3109791051716589, 0.19500845902258007]}